{
  "0a8dcf4c-ccb0-47e1-9917-c2e4023c8f75": {
    "peak_price": 74281.36,
    "activated": false
  },
  "bf480344-9886-44fe-9a88-510839dc9cb0": {
    "peak_price": 0.09831,
    "activated": false
  },
  "438e9cf9-db56-494b-807d-93db49b58912": {
    "peak_price": 0.09831,
    "activated": false
  }
}