{
  "0a8dcf4c-ccb0-47e1-9917-c2e4023c8f75": {
    "peak_price": 74281.36,
    "activated": false
  },
  "bf480344-9886-44fe-9a88-510839dc9cb0": {
    "peak_price": 0.10051,
    "activated": false
  },
  "438e9cf9-db56-494b-807d-93db49b58912": {
    "peak_price": 0.10006,
    "activated": false
  },
  "30f1e6ad-c2dd-46c1-8119-3be9dad3a78c": {
    "peak_price": 0.09969,
    "activated": false
  },
  "c3c9500d-13a8-43d7-a4d4-e2586ad0c5c8": {
    "peak_price": 0.09972,
    "activated": false
  },
  "3410c3f4-eb4b-4228-91c3-9e0063d796dc": {
    "peak_price": 0.09972,
    "activated": false
  }
}