{
  "0a8dcf4c-ccb0-47e1-9917-c2e4023c8f75": {
    "peak_price": 74281.36,
    "activated": false
  },
  "bf480344-9886-44fe-9a88-510839dc9cb0": {
    "peak_price": 0.10302,
    "activated": true
  },
  "438e9cf9-db56-494b-807d-93db49b58912": {
    "peak_price": 0.10006,
    "activated": false
  },
  "30f1e6ad-c2dd-46c1-8119-3be9dad3a78c": {
    "peak_price": 0.10083,
    "activated": false
  },
  "c3c9500d-13a8-43d7-a4d4-e2586ad0c5c8": {
    "peak_price": 0.10136,
    "activated": false
  },
  "3410c3f4-eb4b-4228-91c3-9e0063d796dc": {
    "peak_price": 0.10164,
    "activated": false
  },
  "be0f5c39-7374-443f-8d14-9ab93495e738": {
    "peak_price": 0.10011,
    "activated": false
  },
  "c70d5e34-eb31-41a5-9776-4340d8be0c49": {
    "peak_price": 0.10147,
    "activated": false
  },
  "bb389223-0823-44d0-b8f2-25b92a6dfa5d": {
    "peak_price": 0.10147,
    "activated": false
  },
  "3548217c-7373-47a0-a032-dd401a35452c": {
    "peak_price": 77894.7,
    "activated": false
  },
  "5b0a8662-2319-4213-b8fa-b749e67cf8ce": {
    "peak_price": 0.10644,
    "activated": false
  },
  "da8cc56c-66a0-4762-b221-1be7a969893f": {
    "peak_price": 0.10712,
    "activated": false
  },
  "c4a495bf-8edd-4be8-ad33-94b227be40bb": {
    "peak_price": 0.10789,
    "activated": false
  },
  "3fec8ac8-7e5e-449b-96e1-7cfc3e2a5089": {
    "peak_price": 0.11043,
    "activated": false
  },
  "56f6c95f-3bad-4616-bd26-98df7fe0246e": {
    "peak_price": 83.73,
    "activated": false
  },
  "4c951e15-f9f9-4f6b-951e-b9305a5b53d6": {
    "peak_price": 83.957,
    "activated": false
  },
  "1ebed53d-0d5b-4c48-abbe-ffc73cc33638": {
    "peak_price": 83.93,
    "activated": false
  },
  "f2dc6553-08f1-48b6-bb6d-8805552ae35e": {
    "peak_price": 84.298,
    "activated": false
  },
  "579059a6-78cb-4ce2-854d-68731d739e0b": {
    "peak_price": 0.10884,
    "activated": true
  },
  "96246c23-14a9-4e1c-af00-cfd09a506997": {
    "peak_price": 0.10884,
    "activated": true
  },
  "05ad0cdc-c7b4-4d7f-8ef4-1e396c5bf174": {
    "peak_price": 0.1091,
    "activated": true
  },
  "bb81e63f-d32c-4fa4-b4c8-358836919a11": {
    "peak_price": 0.11042,
    "activated": false
  },
  "57ad2ed5-be43-48cd-a122-ab15b105a25c": {
    "peak_price": 76834.16,
    "activated": false
  },
  "8b4274b4-83dd-4a14-a18b-5367db4a839e": {
    "peak_price": 0.10911,
    "activated": false
  },
  "f7223a29-d06f-4478-8705-3b532fb80e39": {
    "peak_price": 0.10973,
    "activated": false
  },
  "3372c093-db50-49ec-bd2a-78650f8cc156": {
    "peak_price": 0.10959,
    "activated": false
  },
  "958f37b0-ac9f-4bc0-a2e6-eb0fc5c0aefe": {
    "peak_price": 77871.3,
    "activated": false
  },
  "ded462e1-f41f-4c39-beab-413a2baf30fc": {
    "peak_price": 0.10987,
    "activated": false
  },
  "4f9b7acf-f4fa-4107-bd6a-1888a974b27b": {
    "peak_price": 0.10962,
    "activated": false
  },
  "45807db1-dc77-49db-8ffd-986bb488ccdc": {
    "peak_price": 0.10962,
    "activated": false
  },
  "984d7227-6214-4b56-b87b-ab554c4e0aee": {
    "peak_price": 0.10962,
    "activated": false
  },
  "853b1b91-2c8b-4af2-a57b-7b0557691eb6": {
    "peak_price": 0.10962,
    "activated": false
  },
  "93510ff9-20e0-456f-b79d-793f3d641c32": {
    "peak_price": 78428.04,
    "activated": false
  }
}