{
  "0a8dcf4c-ccb0-47e1-9917-c2e4023c8f75": {
    "peak_price": 74281.36,
    "activated": false
  },
  "bf480344-9886-44fe-9a88-510839dc9cb0": {
    "peak_price": 0.10302,
    "activated": true
  },
  "438e9cf9-db56-494b-807d-93db49b58912": {
    "peak_price": 0.10006,
    "activated": false
  },
  "30f1e6ad-c2dd-46c1-8119-3be9dad3a78c": {
    "peak_price": 0.10083,
    "activated": false
  },
  "c3c9500d-13a8-43d7-a4d4-e2586ad0c5c8": {
    "peak_price": 0.10136,
    "activated": false
  },
  "3410c3f4-eb4b-4228-91c3-9e0063d796dc": {
    "peak_price": 0.10164,
    "activated": false
  },
  "be0f5c39-7374-443f-8d14-9ab93495e738": {
    "peak_price": 0.10011,
    "activated": false
  },
  "c70d5e34-eb31-41a5-9776-4340d8be0c49": {
    "peak_price": 0.10147,
    "activated": false
  },
  "bb389223-0823-44d0-b8f2-25b92a6dfa5d": {
    "peak_price": 0.10147,
    "activated": false
  },
  "3548217c-7373-47a0-a032-dd401a35452c": {
    "peak_price": 77894.7,
    "activated": false
  },
  "5b0a8662-2319-4213-b8fa-b749e67cf8ce": {
    "peak_price": 0.10644,
    "activated": false
  },
  "da8cc56c-66a0-4762-b221-1be7a969893f": {
    "peak_price": 0.10712,
    "activated": false
  },
  "c4a495bf-8edd-4be8-ad33-94b227be40bb": {
    "peak_price": 0.10789,
    "activated": false
  },
  "3fec8ac8-7e5e-449b-96e1-7cfc3e2a5089": {
    "peak_price": 0.11043,
    "activated": false
  },
  "56f6c95f-3bad-4616-bd26-98df7fe0246e": {
    "peak_price": 83.73,
    "activated": false
  },
  "4c951e15-f9f9-4f6b-951e-b9305a5b53d6": {
    "peak_price": 83.957,
    "activated": false
  },
  "1ebed53d-0d5b-4c48-abbe-ffc73cc33638": {
    "peak_price": 83.93,
    "activated": false
  },
  "f2dc6553-08f1-48b6-bb6d-8805552ae35e": {
    "peak_price": 84.298,
    "activated": false
  },
  "579059a6-78cb-4ce2-854d-68731d739e0b": {
    "peak_price": 0.10884,
    "activated": true
  },
  "96246c23-14a9-4e1c-af00-cfd09a506997": {
    "peak_price": 0.10884,
    "activated": true
  },
  "05ad0cdc-c7b4-4d7f-8ef4-1e396c5bf174": {
    "peak_price": 0.1091,
    "activated": true
  },
  "bb81e63f-d32c-4fa4-b4c8-358836919a11": {
    "peak_price": 0.11213,
    "activated": false
  },
  "57ad2ed5-be43-48cd-a122-ab15b105a25c": {
    "peak_price": 76834.16,
    "activated": false
  },
  "8b4274b4-83dd-4a14-a18b-5367db4a839e": {
    "peak_price": 0.10911,
    "activated": false
  },
  "f7223a29-d06f-4478-8705-3b532fb80e39": {
    "peak_price": 0.10973,
    "activated": false
  },
  "3372c093-db50-49ec-bd2a-78650f8cc156": {
    "peak_price": 0.10959,
    "activated": false
  },
  "958f37b0-ac9f-4bc0-a2e6-eb0fc5c0aefe": {
    "peak_price": 77871.3,
    "activated": false
  },
  "ded462e1-f41f-4c39-beab-413a2baf30fc": {
    "peak_price": 0.10987,
    "activated": false
  },
  "4f9b7acf-f4fa-4107-bd6a-1888a974b27b": {
    "peak_price": 0.10962,
    "activated": false
  },
  "45807db1-dc77-49db-8ffd-986bb488ccdc": {
    "peak_price": 0.10962,
    "activated": false
  },
  "984d7227-6214-4b56-b87b-ab554c4e0aee": {
    "peak_price": 0.10962,
    "activated": false
  },
  "853b1b91-2c8b-4af2-a57b-7b0557691eb6": {
    "peak_price": 0.10962,
    "activated": false
  },
  "93510ff9-20e0-456f-b79d-793f3d641c32": {
    "peak_price": 79864.0,
    "activated": false
  },
  "64e7d034-0493-49e4-8ae2-9c6dc39b5a43": {
    "peak_price": 0.11018,
    "activated": false
  },
  "854ff4f3-d987-41b9-8b55-596addc61152": {
    "peak_price": 0.10974,
    "activated": false
  },
  "6be27ab8-a9e3-4824-9f16-6a3be9e85a21": {
    "peak_price": 0.10981,
    "activated": false
  },
  "f3deae3b-5992-4659-a025-2a9e11429bf8": {
    "peak_price": 0.10977,
    "activated": false
  },
  "c84d6ec9-1d43-4ca1-bf49-e613d0577f4b": {
    "peak_price": 79334.33,
    "activated": false
  },
  "f29c0152-56e4-4cbf-9fce-1fe2e735017c": {
    "peak_price": 0.10977,
    "activated": false
  },
  "aa749368-e3f5-443c-b903-21505c50291f": {
    "peak_price": 0.11018,
    "activated": false
  },
  "f9f46f93-e6fd-4885-88d1-440f3c03114b": {
    "peak_price": 0.11352,
    "activated": false
  },
  "64a0a71d-4397-4cee-ba52-35752c0ee78d": {
    "peak_price": 0.11353,
    "activated": false
  },
  "40d474f3-f971-4f27-aa37-bcd365ddd82e": {
    "peak_price": 80462.41,
    "activated": false
  },
  "d5088721-2a7c-4157-b8a8-1b49840d7e05": {
    "peak_price": 0.11446,
    "activated": true
  },
  "a23856e1-a3d5-47f9-992c-db6cf6a2977c": {
    "peak_price": 0.11446,
    "activated": true
  },
  "3ebb0430-b057-449f-acd8-a98dba3de355": {
    "peak_price": 0.11403,
    "activated": true
  },
  "93f411d5-0ca2-41f6-98a6-2a4f9a051b51": {
    "peak_price": 82777.32,
    "activated": false
  },
  "7f3fd510-ddd2-451a-b4f3-58329f05f72b": {
    "peak_price": 0.11622,
    "activated": false
  },
  "b69b0e0f-a7d9-47ec-8bc0-81492dfb06a5": {
    "peak_price": 82777.32,
    "activated": false
  },
  "dbc1caa8-f0a1-49b6-9e21-b0d05c5e8017": {
    "peak_price": 1.973,
    "activated": false
  },
  "51606295-7097-44ba-b2af-424257a028cb": {
    "peak_price": 0.11695,
    "activated": false
  },
  "b490cf50-a9e8-49fb-878f-9212469a4f34": {
    "peak_price": 1.973,
    "activated": false
  },
  "a7025d59-5ee5-47cd-ad45-b04b91279888": {
    "peak_price": 0.11695,
    "activated": false
  },
  "4da3a6ad-f77f-4a4a-8383-18fcb4389f84": {
    "peak_price": 0.11354,
    "activated": false
  },
  "d7f01f5c-1136-487b-abec-2bb195e02617": {
    "peak_price": 0.11354,
    "activated": false
  },
  "bd87e533-2883-4e6d-bf00-812c6aed0d2d": {
    "peak_price": 0.11349,
    "activated": false
  },
  "2c131198-801d-4ccd-8fb9-cb70b18143a7": {
    "peak_price": 0.11333,
    "activated": false
  },
  "6382f820-5387-4139-bfd4-582ad269679a": {
    "peak_price": 0.11333,
    "activated": false
  },
  "c6f0284a-72c1-44d9-9adf-f055ad3b986b": {
    "peak_price": 0.11314,
    "activated": false
  },
  "c7e14e12-6e3c-4c13-aee1-520bbcc1323e": {
    "peak_price": 0.11314,
    "activated": false
  },
  "7ba94638-5682-446e-8b5c-22eee19625b9": {
    "peak_price": 0.11248,
    "activated": false
  },
  "415efb6c-3364-4af1-be65-4c33b5dc0ed7": {
    "peak_price": 0.11248,
    "activated": false
  },
  "d924085a-5e60-43e2-ac9b-62348b4ff578": {
    "peak_price": 0.11178,
    "activated": false
  },
  "659e1cd7-fa15-45b1-b382-61d159c1d3ab": {
    "peak_price": 81687.79,
    "activated": false
  },
  "21951910-20dd-47f1-9a9e-ddd9641d4b8d": {
    "peak_price": 0.11178,
    "activated": false
  },
  "7dbfc7d8-347e-4e9f-ba5e-935505503a88": {
    "peak_price": 0.11178,
    "activated": false
  },
  "88ee84ea-82cc-455a-bc98-50f804fc884f": {
    "peak_price": 0.10805,
    "activated": false
  },
  "2f562fcc-2b56-4936-89ae-7b96bb14aa78": {
    "peak_price": 1.986,
    "activated": false
  },
  "b5c8318e-154c-4dda-a688-a1e75b480c2d": {
    "peak_price": 1.988,
    "activated": false
  },
  "6c4365f5-0a56-4e97-b139-725c08bca993": {
    "peak_price": 1.992,
    "activated": false
  },
  "9917eadd-6f6c-41df-9db1-f171af38529d": {
    "peak_price": 1.992,
    "activated": false
  },
  "5bd789b8-c322-4449-bc2a-e95205eeabab": {
    "peak_price": 1.992,
    "activated": false
  },
  "10712522-0da8-45b0-bf9f-19ceae093bcb": {
    "peak_price": 81701.0,
    "activated": false
  },
  "05340c6f-76fb-4179-8463-dded8907ba26": {
    "peak_price": 82133.88,
    "activated": false
  },
  "ee8e9a0a-222e-4eda-980f-9e3506a276cd": {
    "peak_price": 2.013,
    "activated": false
  },
  "1077ece1-d48d-4ae7-9bb6-517b1f67da60": {
    "peak_price": 2.039,
    "activated": false
  },
  "ba06415f-2354-4350-9235-47f25d906ed1": {
    "peak_price": 2.049,
    "activated": false
  },
  "cbf9c6d6-3a35-4bed-9f67-c2580c593b7d": {
    "peak_price": 0.11281,
    "activated": false
  },
  "7938e898-5e63-47d1-bf56-d55ad5809c8a": {
    "peak_price": 0.11278,
    "activated": false
  },
  "8bfd8978-b27b-4691-8038-6ac66aec4228": {
    "peak_price": 82119.72,
    "activated": false
  },
  "35747c26-3708-4724-995e-b872858f8529": {
    "peak_price": 2.101,
    "activated": false
  },