{
  "0a8dcf4c-ccb0-47e1-9917-c2e4023c8f75": {
    "peak_price": 74281.36,
    "activated": false
  },
  "bf480344-9886-44fe-9a88-510839dc9cb0": {
    "peak_price": 0.10302,
    "activated": true
  },
  "438e9cf9-db56-494b-807d-93db49b58912": {
    "peak_price": 0.10006,
    "activated": false
  },
  "30f1e6ad-c2dd-46c1-8119-3be9dad3a78c": {
    "peak_price": 0.10083,
    "activated": false
  },
  "c3c9500d-13a8-43d7-a4d4-e2586ad0c5c8": {
    "peak_price": 0.10136,
    "activated": false
  },
  "3410c3f4-eb4b-4228-91c3-9e0063d796dc": {
    "peak_price": 0.10164,
    "activated": false
  },
  "be0f5c39-7374-443f-8d14-9ab93495e738": {
    "peak_price": 0.10011,
    "activated": false
  },
  "c70d5e34-eb31-41a5-9776-4340d8be0c49": {
    "peak_price": 0.10147,
    "activated": false
  },
  "bb389223-0823-44d0-b8f2-25b92a6dfa5d": {
    "peak_price": 0.10147,
    "activated": false
  },
  "3548217c-7373-47a0-a032-dd401a35452c": {
    "peak_price": 77894.7,
    "activated": false
  },
  "5b0a8662-2319-4213-b8fa-b749e67cf8ce": {
    "peak_price": 0.10644,
    "activated": false
  },
  "da8cc56c-66a0-4762-b221-1be7a969893f": {
    "peak_price": 0.10712,
    "activated": false
  },
  "c4a495bf-8edd-4be8-ad33-94b227be40bb": {
    "peak_price": 0.10789,
    "activated": false
  },
  "3fec8ac8-7e5e-449b-96e1-7cfc3e2a5089": {
    "peak_price": 0.11043,
    "activated": false
  },
  "56f6c95f-3bad-4616-bd26-98df7fe0246e": {
    "peak_price": 82.28,
    "activated": false
  },
  "4c951e15-f9f9-4f6b-951e-b9305a5b53d6": {
    "peak_price": 82.275,
    "activated": false
  },
  "1ebed53d-0d5b-4c48-abbe-ffc73cc33638": {
    "peak_price": 82.269,
    "activated": false
  },
  "f2dc6553-08f1-48b6-bb6d-8805552ae35e": {
    "peak_price": 82.275,
    "activated": false
  }
}